{
	"ImportPath": "github.com/bitrise-steplib/steps-sign-apk",
	"GoVersion": "go1.8",
	"GodepVersion": "v79",
	"Packages": [
		"./..."
	],
	"Deps": [
		{
			"ImportPath": "github.com/bitrise-io/go-utils/colorstring",
			"Rev": "9c30a7825aa1064e423a0f1dba751fec990b07be"
		},
		{
			"ImportPath": "github.com/bitrise-io/go-utils/command",
			"Rev": "9c30a7825aa1064e423a0f1dba751fec990b07be"
		},
		{
			"ImportPath": "github.com/bitrise-io/go-utils/errorutil",
			"Rev": "9c30a7825aa1064e423a0f1dba751fec990b07be"
		},
		{
			"ImportPath": "github.com/bitrise-io/go-utils/log",
			"Rev": "9c30a7825aa1064e423a0f1dba751fec990b07be"
		},
		{
			"ImportPath": "github.com/bitrise-io/go-utils/pathutil",
			"Rev": "9c30a7825aa1064e423a0f1dba751fec990b07be"
		},
		{
			"ImportPath": "github.com/bitrise-tools/go-android/sdk",
			"Rev": "00b72392d46cd594ca6a1c240ec9d8936127f4a4"
		},
		{
			"ImportPath": "github.com/bitrise-tools/go-steputils/tools",
			"Rev": "a848c9870ff7d745a8fb2a951e1c81fcb147b4ec"
		},
		{
			"ImportPath": "github.com/davecgh/go-spew/spew",
			"Comment": "v1.1.0",
			"Rev": "346938d642f2ec3594ed81d874461961cd0faa76"
		},
		{
			"ImportPath": "github.com/hashicorp/go-version",
			"Rev": "03c5bf6be031b6dd45afec16b1cf94fc8938bc77"
		},
		{
			"ImportPath": "github.com/pmezard/go-difflib/difflib",
			"Comment": "v1.0.0",
			"Rev": "792786c7400a136282c1664665ae0a8db921c6c2"
		},
		{
			"ImportPath": "github.com/stretchr/testify/assert",
			"Comment": "v1.1.4-66-gf6abca5",
			"Rev": "f6abca593680b2315d2075e0f5e2a9751e3f431a"
		},
		{
			"ImportPath": "github.com/stretchr/testify/require",
			"Comment": "v1.1.4-66-gf6abca5",
			"Rev": "f6abca593680b2315d2075e0f5e2a9751e3f431a"
		}
	]
}
